insert into loginuser values ('storemanager1@gmail.com', '$2a$12$xYBh03.h6MwiEVMmkyeD6OSsFwmgXAUxs.jjRqKtfAK3fHPGv2Rfe','store_manager');
insert into loginuser values ('storemanager2@gmail.com', '$2a$12$4F5ZHrtWbPKHs7sWWHfBROHE9eNZ99qL7.A4durf9Sgibiy5peHAi','store_manager');
insert into loginuser values ('storemanager3@gmail.com', '$2a$12$GRpvpGUcZ3hPx7CPtE6aVed1AGZIspMunV8vearmcnzzLBUGH5QFK','store_manager');
insert into loginuser values ('storemanager4@gmail.com', '$2a$12$k98K4hGUH5ECxSwlIMf3gOHtPWJm9Ifq/IQKE/ibvA3wE/lLUcOqi','store_manager');
insert into loginuser values ('storemanager5@gmail.com', '$2a$12$zcSGxjl64gKYCkQvcUWLAutupwjlq99FcIA6k.LAYwtPzfQcmg3ZC','store_manager');
insert into loginuser values ('storemanager6@gmail.com', '$2a$12$1AVhu7wfozlP197keOdwbe4h.hM.bRVpMRztas/61v3ekjyC6Gbgy','store_manager');
insert into loginuser values ('customer1@gmail.com', '$2a$12$m7SZbEvw0DGGbKNhPhHeN.v1rhsUluFwjxQQE0kRTtGv51iUxYYFO','Customer');
insert into loginuser values ('customer2@gmail.com', '$2a$12$OxeEEPQaCISuTYahhDH50.k.9YldLAtW3lkOf3qzjhJRgm.aBl0ua','Customer');
insert into loginuser values ('customer3@gmail.com', '$2a$12$phKyoH8/hfgFYclmJLnd9ulBOJmhaXV27nre3KoYxZbB2jXmZCAQ.','Customer');
insert into loginuser values ('customer4@gmail.com', '$2a$12$jbhJQkbWnuDKPWS8tMquw.p.C4pfUkO1U8VmUSOYxbs9ymYDt.Iuu','Customer');
insert into loginuser values ('customer5@gmail.com', '$2a$12$7fdED7fbQsXSXEJq1ZjtIuWOikFEzufzBRYUfyaxSelXdvVr3yIoy','Customer');
insert into loginuser values ('customer6@gmail.com', '$2a$12$4BsgN7BSB.gy0EhVpDeEzOheRguS/iTpjrt.4.3RNtO6c9uuHKOOy','Customer');
insert into loginuser values ('customer7@gmail.com', '$2a$12$Q2ZvjKXv6qOrcUBpdG.n..tV13HvSZVrF0PNEjw1q77sa39qJ.Jzu','Customer');
insert into loginuser values ('customer8@gmail.com', '$2a$12$GI02iyf9AmRKAnbyhq3KHOjbixY4UfL4ywkjZIKZPpGX8HRTJeXBK','Customer');
insert into loginuser values ('customer9@gmail.com', '$2a$12$Yr3uDUiN9wodA1zcHl9eRubMvc.iTqgFOzVHBPRt0jCvHy9vD9cm.','Customer');
insert into loginuser values ('customer10@gmail.com', '$2a$12$eLP4w8a1MZRm4PH2U0F12uZObnR24kkvVmMBgh2NOSMtOxiXDalza','Customer');
insert into loginuser values ('customer11@gmail.com', '$2a$12$1ZHWuBL7Bx1h2bpICejy7ezVWvCaxQe0VLmP1In/Bt8q6YMc5yNRa','Customer');
insert into loginuser values ('customer12@gmail.com', '$2a$12$dlG4A1RyeMdbguCbdP5kvO6WcCbg4Nq0PC1ZFbnWZzfB8ZBThMNgm','Customer');
insert into loginuser values ('customer13@gmail.com', '$2a$12$Ue/z4VqABgbEgTr5w3bGFuKDjE7qPgAbjMVbC6wSxymP584eNR/2O','Customer');
insert into loginuser values ('customer14@gmail.com', '$2a$12$yvis72ToIXhibgD8E2MQruoRg8DaFx5yWbViziA9mgPRqv4DusoFS','Customer');
insert into loginuser values ('customer15@gmail.com', '$2a$12$fJtJ.n72vBcWFgVvffGucuE.xX64m9KSZ3pyezYnTM3KriIQtMUxi','Customer');
insert into loginuser values ('customer16@gmail.com', '$2a$12$inlK4AHcwvQ2dxhar6E4CejbazpxPLxUSQOTHXtiAhg9QLAxzq4se','Customer');
insert into loginuser values ('customer17@gmail.com', '$2a$12$.I7oT.0g5FZZbhbvfKnSl.0QEfmBNtRc/9aciGgRwxUi8FZ5Ef85S','Customer');
insert into loginuser values ('customer18@gmail.com', '$2a$12$KtP6o2wAY7fXXITcpQlVQeWk2Jjj.Llz0ZJppgH5o3Bcqxr/VsaOy','Customer');
insert into loginuser values ('customer19@gmail.com', '$2a$12$I4tT2EbOO.0RnJeu5glqNeupDtp40AXIc6vsNwdmwYqkJ8WmuByAC','Customer');
insert into loginuser values ('customer20@gmail.com', '$2a$12$SX4sRWwREjWcQ6EIkhChVeBRAiHvQ/dvW.cLnLBD6WEKE/LGY7JXG','Customer');
insert into loginuser values ('customer21@gmail.com', '$2a$12$SWo7R.pqYPM5iPFKetZFe.kzQ.CtuYSbjkPVaMq/m6YVXopOawJz2','Customer');
insert into loginuser values ('customer22@gmail.com', '$2a$12$8.2qVHjALZyzDzsVG4aD1ujJOMnzJSPbTjvj.EOvA0hcnmXOEO1Ti','Customer');
insert into loginuser values ('customer23@gmail.com', '$2a$12$.G0lej0oWysLz7E6VCnBme5ZWYfVR9Q0x96eU8Nu0c//mPMDntvVS','Customer');
insert into loginuser values ('customer24@gmail.com', '$2a$12$7Ov/qTJceH28J7kYwqUWhuAY7enjVjN6L.cdAo0tw96sGMzTy1nC2','Customer');
insert into loginuser values ('customer25@gmail.com', '$2a$12$QG/0SXrQnqTBNbUPY2eP7.EiXnpSOnATb/6LS7yUnxYSY4QyAOtry','Customer');
insert into loginuser values ('customer26@gmail.com', '$2a$12$sYjWRnPO1iU6aC0y2soXP./YFqaeVmZ.hpgDgQEZ77nA2Ng3SGpC2','Customer');
insert into loginuser values ('customer27@gmail.com', '$2a$12$CtmF86ybXlTY07.wh8bri.AcXDUn2F4M4uN/7P3VaSOg3U63n5znu','Customer');
insert into loginuser values ('customer28@gmail.com', '$2a$12$LyyThtKON2jexvttfCcxuecC2nKHSxllcKOnX4Uky3Uy9KPmS65ly','Customer');
insert into loginuser values ('customer29@gmail.com', '$2a$12$YLggst6daQuOqw28XZ7d8.QZ0FGeSCJ48si6Dfivf3MmS6HadVbEe','Customer');
insert into loginuser values ('customer30@gmail.com', '$2a$12$Z34rjX4Kj.F0foHANUOPwupUIQu9LbYvuGcaOoY7Exvq5KauuQXGC','Customer');
insert into loginuser values ('customer31@gmail.com', '$2a$12$i7Igqj/fx52oaSXuMdjPN.WKyIngvgQh9pJv/84qqLc2OPSWG8iuW','Customer');
insert into loginuser values ('customer32@gmail.com', '$2a$12$w1wl4XbE1ZYkwpymlKdyqOzQMxLdK1WBTc5.Nr/uM8oR8ITBi2BIu','Customer');
insert into loginuser values ('customer33@gmail.com', '$2a$12$FwpdDgWI2K9zgQIZFM34hO4TNfu/9a/.ruTLDMXaNf0WHHVFW/tXq','Customer');
insert into loginuser values ('customer34@gmail.com', '$2a$12$LZBLHvhIKrZwfVPdomatmO2Mh0cW/E6aza9o5RYYEJgkOaHjzkGn.','Customer');
insert into loginuser values ('driver1@gmail.com', '$2a$12$9DZI/oX4Fo.J8fFiGo09vOpOafC29X39JrbXvr8y.Y6joTB.sZJqi','Driver');
insert into loginuser values ('driver2@gmail.com', '$2a$12$4aSiTeFx/mZ1Ii9AdjH.U.xOwAlUioA3pEcYU.JSIbjXMnHHIhAy.','Driver');
insert into loginuser values ('driver3@gmail.com', '$2a$12$5IMvxmAE0U4WaDsBT1opT.QW7c4Y3PBQDeXv8fwBMGtkfLLlkS846','Driver');
insert into loginuser values ('driver4@gmail.com', '$2a$12$KhipX1khZlxjGCRKgI8CEerHn4jqgjjANp44CBi9dX5hpNlUOtOOy','Driver');
insert into loginuser values ('driver5@gmail.com', '$2a$12$4Q3hafvv83Dbt316ZmsmCeEX4IutER9.sk9bm5EyjIYvYYJmCPunu','Driver');
insert into loginuser values ('driver6@gmail.com', '$2a$12$1j.QRO.U964YBT8qor9bSOz9uLuP7w5OKRZj3JL8ql5EKnNVxMmLe','Driver');
insert into loginuser values ('driver7@gmail.com', '$2a$12$tkAvGs.buBIN.Cdi08P9WOJoSHIfFG.RNGKkO7YpvkieRw/Yo6/hq','Driver');
insert into loginuser values ('driver8@gmail.com', '$2a$12$4kXWmG2B/d9DPe9sU/4NFemKHTuiIk/cqTgEoElkPo8FoW.vL42sy','Driver');
insert into loginuser values ('driver9@gmail.com', '$2a$12$f1jdVr3hMcVLmgAwkHVqWO18Y5obmgCrb6RQZegGEyV3M/BsuKoki','Driver');
insert into loginuser values ('driver10@gmail.com', '$2a$12$9UpGHYzAdsB5f5Rpx1cXR.Yj6WlC003vhQIssvpw4gAKBcd8BjPjq','Driver');
insert into loginuser values ('driver11@gmail.com', '$2a$12$d17lpXymH.92aictBIV38uBsQoUNF.P6V8AOOJ1ZPMdaBPzOOjKK2','Driver');
insert into loginuser values ('driverAssistant1@gmail.com', '$2a$12$Df3nZAr3ZSti2o6p59118eMwGkMPozs08vMKPvKTc2eWbiUqm2Y9O','Driver_assistant');
insert into loginuser values ('driverAssistant2@gmail.com', '$2a$12$QNf5vYkLiforgStRhWxX9.8IBYZmj/RubKWLTTiN/zMT57WguyT5q','Driver_assistant');
insert into loginuser values ('driverAssistant3@gmail.com', '$2a$12$WKAOILk5/UShoSSrvRrttOVmdQQKgc60dGOBmuvc/GxBZ/x7Sz.Y.','Driver_assistant');
insert into loginuser values ('driverAssistant4@gmail.com', '$2a$12$c3XHGwYcNdBNzkDCYMcdw.9L54K9Z7/0q8HVkIUIHzF9PSbc6hm1O','Driver_assistant');
insert into loginuser values ('driverAssistant5@gmail.com', '$2a$12$Vr8uwSt1yI34OpUx8kKLNeC5C8Hnh3WmstVigp.VOSHY6vkLXYqEG','Driver_assistant');
insert into loginuser values ('driverAssistant6@gmail.com', '$2a$12$sMiWkPs.1HS9N/r8cIWZtOTiPv22a9qb4HD2Zmj.xzFQmUJJMbrfy','Driver_assistant');
insert into loginuser values ('driverAssistant7@gmail.com', '$2a$12$4avA1rC1Xp7lEhsmQTAd3eRA1Jc9gSrzbpik25HSTdaq0oea7QxE.','Driver_assistant');
insert into loginuser values ('driverAssistant8@gmail.com', '$2a$12$tmnqB7YUFs./aYsrXbCnM.GZ7haj9hzwdxSo3YG0p6D/BTM1n6p0u','Driver_assistant');
insert into loginuser values ('driverAssistant9@gmail.com', '$2a$12$bvZpSFKfVuqgyqMiIZnX6OymnrJjzRK2Rldc5I.rQP5uaEVY0biD2','Driver_assistant');
insert into loginuser values ('driverAssistant10@gmail.com', '$2a$12$ZuvggeyJZqwrFyzCe7zyDOpx49LMH9ixoD1BUeS2lYuy8J6Y7zKEm','Driver_assistant');
insert into loginuser values ('driverAssistant11@gmail.com', '$2a$12$8hSaeJBFjwDqbCkkMa5IiOc86SwVH6zAWR3C6xFw.eMxjs4G5mcQq','Driver_assistant');

INSERT INTO Store(Store_ID,Store_Name,Store_Address,Contact_Number)
VALUES
(1, 'Colombo', 'No. 56, Ward Place, Colombo 7',  '0112514387'),
(4, 'Negombo', 'No. 43, Galkatuwa Road, Sellakanda',  '0312514387'),
(6, 'Galle', 'No. 3/A, Temple Road, Bope',  '0912514387'),
(5, 'Matara', 'No. 42, Eugene Balasuriya Mawatha, Matara',  '0412214873'),
(2, 'Jaffna', 'No. 12, Hospital Road, Jaffna City',  '0212214250'),
(3, 'Trincomalee', 'No.191, Uppuveli Road, Trincomalee',  '0262390901');

insert into product values (1, 'EMERGENCY LED 8W PIN ORANGE', 1250.00, 0.25, 200, '2022-11-07', 1);
insert into product values (2, 'LED R63 COLOUR 8W GREEN',945.00, 0.30, 115, '2022-10-25', 1);
insert into product values (3, 'LED CANDLE LIGHT WARM AND DAY 5W E14 ORANGE',830.00, 0.28, 85, '2022-11-12', 1);
insert into product values (4, 'LED CANDLE LIGHT 5W E27 ORANGE',830.00, 0.27, 235, '2022-09-30', 1);
insert into product values (5, 'LED CANDLE BULB 3W E27 ORANGE',590.00, 0.32, 185, '2022-11-03', 1);
insert into product values (6, 'LED CANDLE BULB 3W E14 ORANGE',395.00, 0.30, 74, '2022-10-15', 1);
insert into product values (7, 'LED CANDLE BULB WORM WHITE 5W B22 PIN GREEN',490.00, 0.25, 213, '2022-09-23', 1);
insert into product values (8, 'LED R63 6500K/3000K 8W GREEN',750.00, 0.29, 158, '2022-08-27', 1);
insert into product values (9, 'LED HIGH POWER 50W E27 SCREW ORANGE',2850.00, 0.25, 90, '2022-11-14', 1);
insert into product values (10, 'LED HIGH POWER 30W E27 SCREW ORANGE',3400.00, 0.32, 122, '2022-10-08', 1);
insert into product values (11, 'LED HIGH POWER 30W B22 PIN ORANGE',1800.00, 0.31, 55, '2022-10-19', 1);
insert into product values (12, 'LED ECO 12.5W SCREW TYPE ORANGE',1705.00, 0.28, 90, '2022-11-22', 1);
 
insert into route values(100,'Colombo-Kalutara','02:00:00',1);
insert into route values(112,'Colombo-Gampaha','02:00:00',1);
insert into route values(400,'Colombo-Ratnapura','03:30:00',1);
insert into route values(240,'Jaffna-Kilinochchi','03:00:00',2);
insert into route values(203,'Jaffna-Vavuniya','02:30:00',2);
insert into route values(133,'Trinco-Anuradapura','03:30:00',3);
insert into route values(300,'Trinco-Kantale','01:00:00',3);
insert into route values(156,'Trinco-Batticaloa','02:30:00',3);
insert into route values(223,'Negombo-Chilaw','01:20:00',4);
insert into route values(230,'Negombo-Kurunegala','01:30:00',4);
insert into route values(70,'Matara-Tangalle','00:50:00',5);
insert into route values(52,'Matara-Akuressa','00:40:00',5);
insert into route values(102,'Galle_Aluthgama','01:30:00',6);
insert into route values(134,'Galle_Baddegama','00:30:00',6);

Insert into store_manager values(31,001,'SamanKumara','store_manager1@gmail.com','0712341542',1);
Insert into store_manager values(32,002,'Seneth Perera','store_manager2@gmail.com','0774532152',2);
Insert into store_manager values(33,003,'Tishan Kalupahana','store_manager3@gmail.com','0718786543',3);
Insert into store_manager values(34,004,'Nimsath Perera','store_manager4@gmail.com','0787676561',4);
Insert into store_manager values(35,005,'Saman Alwis','store_manager5@gmail.com','0717779096',5);
Insert into store_manager values(36,006,'Dineth Hansaka','store_manager6@gmail.com','0779067654',6);

insert into customer values ( 1 , 'Bihan Kulathunga', 'Daya Electrical, Muruthamuraya, Anuradhapura', '0702039918', 'customer1@gmail.com','wholesaler');
insert into customer values ( 2, 'Tharushi Rajapaksha', 'Majestic Electric Co., Old Moor Street, Gampaha', '0717746046', 'customer2@gmail.com','wholesaler');
insert into customer values ( 3, 'Uvindu Nimsara', 'NO.178, Alwis Town, Chilaw', '0702714406', 'customer3@gmail.com', 'end customer');
insert into customer values (4, 'Milan Chathuranga','Nilambara Electronics, Rupaha, Akuressa', '0703040500', 'customer4@gmail.com','retailer');
insert into customer values (5 , 'Chamindu Lakshan', 'Kevilton Electrical Products - Pvt Ltd, Ampitiya, Kalutara', '0767090899', 'customer5@gmail.com','retailer');
insert into customer values (6 , 'Nimantha Dharmasena', 'NO.2/145, Yatawatta, Baddegama', '0768990766', 'customer6@gmail.com','end customer');
insert into customer values ( 7 ,'Nethmi Kavisara', 'NO.5/35, Oddamavadi Rd, Batticaloa', '0765543222', 'customer7@gmail.com', 'end customer');
insert into customer values (8 , 'Hiruni Weragoda', 'Senith Electronics, Isadin Town, Akuressa', '0765543232', 'customer8@gmail.com','wholesaler');
insert into customer values ( 9 ,'Kavishka Pramudith', 'City Electricals, Mawanagama, Aluthgama', '0776543223', 'customer9@gmail.com','wholesaler');
insert into customer values ( 10 ,'Praveen Mohotti', 'NO.120, Chilaw Road, Chilaw', '765080900', 'customer10@gmail.com', 'end customer');
insert into customer values (11 , 'Chamindu Gunarathane', 'NO.154, Kadigawa, Kurunegala', '0706054800', 'customer11@gmail.com', 'end customer');
insert into customer values (12 ,  'Sandamali Gamage', 'Sameera AUTO Electrical, Pattiwala, Gampaha','0718334359', 'customer12@gmail.com','retailer');
insert into customer values (13,  'Sandiw Chamuditha', 'Gayan Electrical, Laksha Uyana, Anuradapura', '0765543566', 'customer13@gmail.com','retailer');
insert into customer values (14 , 'Dhananjaya Devapriya', 'NO.7, Mallikativu, Kantale', '0754343444', 'customer14@gmail.com','end customer');
insert into customer values ( 15 ,'Hansi Silva', 'NO.102, Ridigama, Kurunagala', '0776655434', 'customer15@gmail.com','end customer');
insert into customer values (16 , 'Githmi Hansini', 'Mega Solar, Hamillawa, Anuradhapura', '0716655444', 'customer16@gmail.com','wholesaler');
insert into customer values (17 , 'Hiruni Hansaka', 'Mini Electricals, Stenly Thilakarathana Mw, Chilaw', '0765544343', 'customer17@gmail.com','end customer');
insert into customer values (18 , 'Dilshani Chanchala', 'NO.145, Peters Place, Kalutara', '0786545334', 'customer18@gmail.com','end customer');
insert into customer values (19 , 'Kethaki Perera', 'Kahatapitiya Hardware, Kandaenawaththa Rd, Tangalle', '0776554434', 'customer19@gmail.com','retailer');
insert into customer values (20 , 'Pubudu Nayanaith', 'NO.7, Kiththampahuva Rd, Tangalle', '0712233123', 'customer20@gmail.com','end customer');
insert into customer values ( 21 ,'Sachini Koshila', 'NO.123 6/1, Castle Street, Kalutara', '0713233123', 'customer21@gmail.com','end customer');
insert into customer values ( 22 ,'Gawrava Theekshana', 'Orel Corporation, Prince Street, Ratnapura', '0714233123', 'customer22@gmail.com','wholesaler');
insert into customer values (23, 'Kasun Sankalpa', 'Dangaspitiya Industrial Park, Kohilegedera, Kurunegala', '0715233123', 'customer23@gmail.com','retailer');
insert into customer values ( 24, 'Dinesh Nalin', 'Orchard Complex, Galle Rd, Baddegama', '0716233123', 'customer24@gmail.com','wholesaler');
insert into customer values (25 , 'Chanuth Sulakshana', 'NO.83, Negombo Rd, Chilaw', '0717233123', 'customer25@gmail.com','end customer');
insert into customer values (26 , 'Hansini Sewwandi', 'Power Logic Engineers (PVT)LTD, Udugampola, Gampaha', '0718233123', 'customer26@gmail.com','wholesaler');
insert into customer values (27 , 'Imesh Dulanka', 'NO.657/1, Hospital Rd, Vavuniya', '0719233123', 'customer27@gmail.com','end customer');
insert into customer values ( 28 ,'Sajini Kodithuwakku', 'Singhagiri, Kanahambikai Kulam, Kilinochchi','0716033123', 'customer28@gmail.com','end customer');
insert into customer values (29, 'Sathmina Senarathna', 'No.22, Gunasekara Lane, Kantale', '0712233123', 'customer29@gmail.com','end customer');
insert into customer values (30 , 'Lahiru priyadharshana', 'Lahiru Electrical, Waturana Road, Ratnapura', '0706054800', 'customer30@gmail.com','retailer');


insert into order_details values (1, 10, 10);
insert into order_details values (2, 1, 34);
insert into order_details values (3, 4, 45);
insert into order_details values (4, 5, 39);
insert into order_details values (5, 3, 19);
insert into order_details values (6, 6, 56);
insert into order_details values (7, 8, 18);
insert into order_details values (8, 7, 48);
insert into order_details values (9, 2, 36);
insert into order_details values (10, 4, 67);
insert into order_details values (11, 8, 25);
insert into order_details values (12, 11, 17);
insert into order_details values (13, 9, 24);
insert into order_details values (14, 12, 28);
insert into order_details values (15, 4, 57);
insert into order_details values (16, 6, 41);
insert into order_details values (17, 7, 30);
insert into order_details values (18, 8, 72);
insert into order_details values (19, 3, 63);
insert into order_details values (20, 2, 32);
insert into order_details values (21, 10, 12);
insert into order_details values (22, 9, 35);
insert into order_details values (23, 2, 54);
insert into order_details values (24, 9, 3);
insert into order_details values (25, 12, 1);
insert into order_details values (26, 11, 5);
insert into order_details values (27, 10, 8);
insert into order_details values (28, 2, 42);
insert into order_details values (29, 5, 33);
insert into order_details values (30, 8, 6);
insert into order_details values (31, 4, 22);
insert into order_details values (32, 7, 14);
insert into order_details values (33, 11, 2);
insert into order_details values (34, 12, 5);
insert into order_details values (35, 1, 52);
insert into order_details values (36, 6, 4);
insert into order_details values (37, 8, 38);
insert into order_details values (38, 5, 2);
insert into order_details values (39, 3, 53);
insert into order_details values (40, 7, 32);
insert into order_details values (1, 9, 35);
insert into order_details values (6, 2, 54);
insert into order_details values (12, 9, 3);
insert into order_details values (13, 12, 12);
insert into order_details values (20, 11, 25);
insert into order_details values (22, 10, 18);
insert into order_details values (28, 3, 22);
insert into order_details values (29, 6, 13);
insert into order_details values (34, 5, 26);
insert into order_details values (35, 3, 32);
insert into order_details values (36, 4, 24);
insert into order_details values (38, 10, 42);
insert into order_details values (15, 8, 52);
insert into order_details values (25, 9, 3);
insert into order_details values (4, 6, 3);
insert into order_details values (8, 11, 12);
insert into order_details values (22, 7, 25);
insert into order_details values (16, 10, 18);
insert into order_details values (19, 5, 22);
-- DATA RELATED TO DRIVERS, DRIVER ASSISTANTS, TURNS

INSERT INTO Driver (employee_ID,user_ID,name,email,phone,store_ID,license_number)
VALUES
(1, 'driver1', 'driver1@gmail.com', '0702234243',1, 'C2324256'),
(2, 'driver2', 'driver2@gmail.com', '0772238244',1, 'C2224257'),
(3, 'driver3', 'driver3@gmail.com', '0722234945',2, 'C3324280'),
(4, 'driver4', 'driver4@gmail.com', '0712234246',2, 'C2924656'),
(5, 'driver5', 'driver5@gmail.com', '0702234247',3, 'C9834253'),
(6, 'driver6', 'driver6@gmail.com', '0772234248',3, 'C8924250'),
(7, 'driver7', 'driver7@gmail.com', '0702234249',4, 'C2456292'),
(8, 'driver8', 'driver8@gmail.com', '0772234250',4, 'C7124523'),
(9, 'driver9', 'driver9@gmail.com', '0712234251',5, 'C5629251'),
(10, 'driver10', 'driver10@gmail.com', '0702234252',5, 'C3154290'),
(11, 'driver11', 'driver11@gmail.com', '0772234253',6, 'C2984243');

INSERT INTO Driver_Assistant (employee_ID,name,email,phone,store_ID)
VALUES
(13, 'd_assistant1', 'driverAssistant1@gmail.com', '0702234543',1),
(14, 'd_assistant2', 'driverAssistant2@gmail.com', '0772238544',1),
(15, 'd_assistant3', 'driverAssistant3@gmail.com', '0722234545',2),
(16, 'd_assistant4', 'driverAssistant4@gmail.com', '0712234546',2),
(17, 'd_assistant5', 'driverAssistant5@gmail.com', '0702234547',3),
(18, 'd_assistant6', 'driverAssistant6@gmail.com', '0772234548',3),
(19, 'd_assistant7', 'driverAssistant7@gmail.com', '0702234549',4),
(20, 'd_assistant8', 'driverAssistant8@gmail.com', '0772234550',4),
(21, 'd_assistant9', 'driverAssistant9@gmail.com', '0712234551',5),
(22, 'd_assistant10', 'driverAssistant10@gmail.com', '0702234552',5),
(23, 'd_assistant11', 'driverAssistant11@gmail.com', '0772234553',6);

INSERT INTO driver_roster (employee_ID, total_Worked_hours_for_the_week, assigned_working_hours_for_the_week)
VALUES
(1, 0, 0),
(2, 0, 0),
(3, 0, 0),
(4, 0, 0),
(5, 0, 0),
(6, 0, 0),
(7, 0, 0),
(8, 0, 0),
(9, 0, 0),
(10, 0, 0),
(11, 0, 0);

INSERT INTO driver_assistant_roster (employee_ID, total_Worked_hours_for_the_week, assigned_working_hours_for_the_week, consecutive_turn )
VALUES
(13, 0, 0, 0),
(14, 0, 0, 0),
(15, 0, 0, 0),
(16, 0, 0, 0),
(17, 0, 0, 0),
(18, 0, 0, 0),
(19, 0, 0, 0),
(21, 0, 0, 0),
(20, 0, 0, 0),
(22, 0, 0, 0),
(23, 0, 0, 0);


insert into turn values (1,1,13,"AAA0001",100,"2023-01-15 10:00:00",null,null,null);
insert into turn values (2,2,14,"AAA0002",112,"2023-01-13 10:00:00",null,null,null);
insert into turn values (3,5,17,"AAA0007",133,"2023-01-14 10:00:00",null,null,null);
insert into turn values (4,7,19,"AAA0010",230,"2023-01-15 10:00:00",null,null,null);
insert into turn values (5,8,20,"AAA0011",223,"2023-01-16 10:00:00",null,null,null);
insert into turn values (6,9,21,"AAA0013",52,"2023-01-06 10:00:00",null,null,null);
insert into turn values (7,10,22,"AAA0014",70,"2023-01-12 10:00:00",null,null,null);
insert into turn values (8,11,23,"AAA0016",134,"2023-01-10 10:00:00",null,null,null);

insert into truck values ("AAA0001", 1 , 1, 40);
insert into truck values ("AAA0002", 1 , 1, 30);
insert into truck values ("AAA0003", 1 , 1, 20);
insert into truck values ("AAA0004", 2 , 1, 40);
insert into truck values ("AAA0005", 2 , 1, 30);
insert into truck values ("AAA0006", 2 , 1, 20);
insert into truck values ("AAA0007", 3 , 1, 40);
insert into truck values ("AAA0008", 3 , 1, 30);
insert into truck values ("AAA0009", 3 , 1, 20);
insert into truck values ("AAA0010", 4 , 1, 40);
insert into truck values ("AAA0011", 4 , 1, 30);
insert into truck values ("AAA0012", 4 , 1, 20);
insert into truck values ("AAA0013", 5 , 1, 40);
insert into truck values ("AAA0014", 5 , 1, 30);
insert into truck values ("AAA0015", 5 , 1, 20);
insert into truck values ("AAA0016", 6 , 1, 40);
insert into truck values ("AAA0017", 6 , 1, 30);
insert into truck values ("AAA0018", 6 , 1, 20);

insert into truck_assignment values (7,1);
insert into truck_assignment values (24,2);
insert into truck_assignment values (31,2);
insert into truck_assignment values (40,1);
insert into truck_assignment values (10,3);
insert into truck_assignment values (30,3);
insert into truck_assignment values (33,3);
insert into truck_assignment values (13,4);
insert into truck_assignment values (21,4);
insert into truck_assignment values (41,4);
insert into truck_assignment values (42,5);
insert into truck_assignment values (4,6);
insert into truck_assignment values (20,7);
insert into truck_assignment values (2,8);
insert into truck_assignment values (14,8);

insert into order_info values(001,010,223,'Assigned to train','2023-01-05 10:30:55', 'NO.120,Chilaw Road,Chilaw',null,24000.00,3.5);
insert into order_info values(002,024,134,'Assigned to truck','2023-01-05 11:10:42', 'Orchard Complex, Galle Rd, Baddegama',null,23000.00,2.5);
insert into order_info values(003,004,52,'Assigned to train','2023-01-05 12:21:00', 'Nilambara Electronics, Rupaha, Akuressa',null,25000.00,3.5);
insert into order_info values(004,008,52,'Assigned to truck','2023-01-05 20:13:00', 'Senith Electronics, Isadin Town, Akuressa',null,40000.00,4.5);
insert into order_info values(005,028,240,'Delivered','2023-01-06 10:33:02', 'Singhagiri, Kanahambikai Kulam, Kilinochchi',"2020-01-15",60000.00,2.5);
insert into order_info values(006,023,230,'Assigned to train','2023-01-06 07:13:07', 'Dangaspitiya Industrial Park, Kohilegedera, Kurunegala',null,40000.00,6.5);
insert into order_info values(007,018,100,'Assigned to truck','2023-01-07 09:45:01', 'NO.145, Peters Place, Kalutara',null,55000.00,7.5);
insert into order_info values(008,020,70,'Assigned to train','2023-01-07 10:23:05',  'NO.7, Kiththampahuva Rd, Tangalle',null,40000.00,6.5);
insert into order_info values(009,012,112,'Delivered to store','2023-01-07 15:08:31', 'Sameera AUTO Electrical, Pattiwala, Gampaha',null,66000.00,3.5);  
insert into order_info values(010,013,133,'Assigned to truck','2023-01-07 21:32:23', 'Gayan Electrical, Laksha Uyana, Anuradapura',null,50000.00,4.5);
insert into order_info values(011,030,400,'Assigned to truck','2023-01-08 06:30:45',  'Lahiru Electrical, Waturana Road, Ratnapura',null,55000.00,2.5);
insert into order_info values(012,021,100,'Order Placed','2023-01-08 08:56:21',  'NO.123 6/1, Castle Street, Kalutara',null,40000.00,6.5);
insert into order_info values(013,011,230,'Assigned to truck','2023-01-09 02:30:06', 'NO.154, Kadigawa, Kurunegala',null,55000.00,7.5);
insert into order_info values(014,024,134,'Assigned to truck','2023-01-09 06:16:00',  'Orchard Complex, Galle Rd, Baddegama',null,48000.00,4.5);
insert into order_info values(015,022,400,'Assigned to train','2023-01-09 10:12:02',  'Orel Corporation, Prince Street, Ratnapura',null,43000.00,7.5);
insert into order_info values(016,007,156,'Assigned to train','2023-01-09 13:23:05', 'NO.5/35, Oddamavadi Rd, Batticaloa',null,45000.00,2.5);
insert into order_info values(017,017,223,'Delivered to store','2023-01-10 09:25:09', 'Mini Electricals, Stenly Thilakarathana Mw, Chilaw',null,40000.00,3.5);
insert into order_info values(018,015,230,'Assigned to train','2023-01-10 11:23:06',  'NO.102, Ridigama, Kurunagala',null,58000.00,8.5);
insert into order_info values(019,021,100,'Delivered to store','2023-01-10 17:08:41', 'NO.123 6/1, Castle Street, Kalutara',null,80000.00,7.5);
insert into order_info values(020,019,70,'Assigned to truck','2023-01-10 18:32:25', 'Kahatapitiya Hardware, Kandaenawaththa Rd, Tangalle',null,55000.00,4.5);
insert into order_info values(021,023,230,'Assigned to truck','2023-01-10 23:30:45', 'Dangaspitiya Industrial Park, Kohilegedera, Kurunegala',null,10000.00,5.6);
insert into order_info values(022,007,156,'Order Placed','2023-01-11 07:56:01',  'NO.5/35, Oddamavadi Rd, Batticaloa',null,12890.00,6.7);
insert into order_info values(023,016,133,'Delivered','2023-01-11 08:25',  'Mega Solar, Hamillawa, Anuradhapura','2023-01-18',12768.00,4.5);
insert into order_info values(024,026,112,'Assigned to truck','2023-01-11 13:13:03', 'Power Logic Engineers (PVT)LTD, Udugampola, Gampaha',null,45351.00,6.9);
insert into order_info values(025,003,223,'Delivered','2023-01-11 14:33:45', 'NO.178, Alwis Town, Chilaw',null,54632.00,2.3);
insert into order_info values(026,018,100,'Assigned to train','2023-01-11 15:13:17', 'NO.145, Peters Place, Kalutara',null,33428.00,10.89);
insert into order_info values(027,009,102,'Assigned to train','2023-01-11 15:45:08',  'City Electricals, Mawanagama, Aluthgama',null,12435.00,12.90);
insert into order_info values(028,029,300,'Assigned to train','2023-01-11 18:23:35',  'No.22, Gunasekara Lane, Kantale',null,14000.00,4.00);
insert into order_info values(029,027,203,'Delivered to store','2023-01-12 01:08:39',  'NO.657/1, Hospital Rd, Vavuniya',null,13890.00,2.78);
insert into order_info values(030,013,133,'Assigned to truck','2023-01-12 10:32:43', 'Gayan Electrical, Laksha Uyana, Anuradapura',null,12560.00,10.89);
insert into order_info values(031,002,112,'Assigned to truck','2023-01-12 12:30:41', 'Majestic Electric Co., Old Moor Street, Gampaha',null,12700.00,12.89);
insert into order_info values(032,028,240,'Delivered to store','2023-01-12 15:56:11',  'Singhagiri, Kanahambikai Kulam, Kilinochchi',null,45600.00,6.89);
insert into order_info values(033,001,133,'Assigned to truck','2023-01-13 03:00:07', 'Daya Electrical, Muruthamuraya, Anuradhapura',null,31000.00,3.45);
insert into order_info values(034,022,400,'Assigned to truck','2023-01-13 08:26:00',   'Orel Corporation, Prince Street, Ratnapura',null,23900.00,9.10);
insert into order_info values(035,013,133,'Assigned to train','2023-01-13 12:08:12',  'Gayan Electrical, Laksha Uyana, Anuradapura',null,12030.00,3.45);
insert into order_info values(036,007,156,'Assigned to train','2023-01-14 09:35:34', 'NO.5/35, Oddamavadi Rd, Batticaloa',null,12780.00,4.56);
insert into order_info values(037,011,230,'Assigned to train','2023-01-14 09:43:06',  'NO.154, Kadigawa, Kurunegala',null,12700.00,2.12);
insert into order_info values(038,011,230,'Delivered','2023-01-14 09:43:06',  'NO.154, Kadigawa, Kurunegala','2023-01-20',12356.00,9.87);
insert into order_info values(039,021,100,'Assigned to train','2023-01-14 16:45:23', 'NO.123 6/1, Castle Street, Kalutara',null,20200.00,5.45);
insert into order_info values(040,018,100,'Assigned to truck','2023-01-14 23:32:45',  'NO.145, Peters Place, Kalutara',null,45000.00,5.67);
insert into order_info values(041,023,230,'Assigned to truck','2023-01-14 23:50:05', 'Dangaspitiya Industrial Park, Kohilegedera, Kurunegala',null,12900.00,2.34);
insert into order_info values(042,025,223,'Assigned to truck','2023-01-15 07:16:10',  'NO.83, Negombo Rd, Chilaw',null,16800.00,2.46);
insert into order_info values(043,008,52,'Assigned to train','2023-01-15 08:25:02',  'Senith Electronics, Isadin Town, Akuressa',null,12780.00,9.06);


insert into train values ('Sagarika', "08:00:00", 'Galle',500);
insert into train values ('Udarata Manike', "08:05:00", 'Negombo', 300);
insert into train values ('Podi Manike', "09:00:00", 'Jaffna', 200);
insert into train values ('Intercity', "09:20:00", 'Colombo', 400);
insert into train values ('Rajarata Manike', "10:00:00", 'Trincomalee', 600);
insert into train values ('Ruhunu Kumari', "10:50:00", 'Matara', 500);


insert into train_trip values (001 ,'Sagarika', '2023-01-01');
insert into train_trip values (002 ,'Rajarata Manike', '2023-01-02' );
insert into train_trip values (003 ,'Udarata Manike', '2023-01-02');
insert into train_trip values (004 ,'Ruhunu Kumari', '2023-01-03');
insert into train_trip values (005 ,'Intercity', '2023-01-03');
insert into train_trip values (006 ,'Sagarika', '2023-01-04');
insert into train_trip values (007 ,'Podi Manike','2023-01-04');
insert into train_trip values (008 ,'Rajarata Manike', '2023-01-05');
insert into train_trip values (009 ,'Sagarika', '2023-01-05');
insert into train_trip values (010 ,'Podi Manike', '2023-01-06');
insert into train_trip values (011 ,'Ruhunu Kumari', '2023-01-06');
insert into train_trip values (012 ,'Udarata Manike', '2023-01-07');
insert into train_trip values (013 ,'Sagarika', '2023-01-07');
insert into train_trip values (014 ,'Rajarata Manike', '2023-01-08');
insert into train_trip values (015 ,'Intercity', '2023-01-08');
insert into train_trip values (016 ,'Ruhunu Kumari', '2023-01-09');
insert into train_trip values (017 ,'Podi Manike', '2023-01-09');
insert into train_trip values (018 ,'Intercity', '2023-01-10');
insert into train_trip values (019 ,'Sagarika', '2023-01-10');
insert into train_trip values (020 ,'Rajarata Manike', '2023-01-11');
insert into train_trip values (021 ,'Ruhunu Kumari', '2023-01-11');
insert into train_trip values (022 ,'Udarata Manike', '2023-01-12');
insert into train_trip values (023 ,'Rajarata Manike','2023-01-12');
insert into train_trip values (024 ,'Podi Manike', '2023-01-13');
insert into train_trip values (025 ,'Sagarika', '2023-01-13');
insert into train_trip values (026 ,'Ruhunu Kumari', '2023-01-14');
insert into train_trip values (027 ,'Intercity', '2023-01-14');
insert into train_trip values (028 ,'Sagarika', '2023-01-15');
insert into train_trip values (029 ,'Podi Manike', '2023-01-15');
insert into train_trip values (030 ,'Ruhunu Kumari', '2023-01-16');
insert into train_trip values (031 ,'Rajarata Manike', '2023-01-16');
insert into train_trip values (032 ,'Sagarika', '2023-01-17');
insert into train_trip values (033 ,'Intercity', '2023-01-17');
insert into train_trip values (035 ,'Sagarika', '2023-01-18');
insert into train_trip values (036 ,'Rajarata Manike', '2023-01-19');
insert into train_trip values (037 ,'Udarata Manike', '2023-01-19');
insert into train_trip values (038 ,'Ruhunu Kumari', '2023-01-20');
insert into train_trip values (039 ,'Podi Manike', '2023-01-20');
insert into train_trip values (040 ,'Intercity', '2023-01-21');
insert into train_trip values (041 ,'Sagarika', '2023-01-21');
insert into train_trip values (042 ,'Ruhunu Kumari', '2023-01-22');
insert into train_trip values (043 ,'Rajarata Manike', '2023-01-23');
insert into train_trip values (044 ,'Podi Manike', '2023-01-23');
insert into train_trip values (045 ,'Podi Manike', '2023-01-24');
insert into train_trip values (046 ,'Sagarika', '2023-01-24');
insert into train_trip values (047 ,'Intercity', '2023-01-25');
insert into train_trip values (048 ,'Rajarata Manike', '2023-01-25');
insert into train_trip values (049 ,'Ruhunu Kumari', '2023-01-26');
insert into train_trip values (050 ,'Sagarika', '2023-01-27');
insert into train_trip values (051 ,'Rajarata Manike', '2023-01-28');
insert into train_trip values (052 ,'Podi Manike', '2023-01-28');
insert into train_trip values (053 ,'Sagarika', '2023-01-29');
insert into train_trip values (054 ,'Ruhunu Kumari', '2023-01-29');
insert into train_trip values (055 ,'Rajarata Manike', '2023-01-30');

insert into train_assignment values (001,012);
insert into train_assignment values (003,011);
insert into train_assignment values (006,012);
insert into train_assignment values (008,016);
insert into train_assignment values (015,018);
insert into train_assignment values (016,020);
insert into train_assignment values (018,022);
insert into train_assignment values (026,027);
insert into train_assignment values (027,025);
insert into train_assignment values (028,023);
insert into train_assignment values (035,031);
insert into train_assignment values (036,031);
insert into train_assignment values (037,037);
insert into train_assignment values (039,033);
insert into train_assignment values (043,030);


-- REMAINING DATA TO BE FILLED
